From*, To*, Rate, 
1, 2, 0.402978991628219, 
1, 13, 0.10759147834734, 
