From*, To*, Rate, 
4, 5, 0.0781462882250811, 
4, 13, 0.00599683746571365, 
4, 21, 0.00123435224201184, 
4, 27, 0.0067889373310651, 
