From*, To*, Rate, 
1, 2, 0.210526315789474, 
1, 3, 0.578947368421053, 
