From*, To*, Rate, 
4, 5, 0.214727085478888, 
4, 13, 0.0164778578784758, 
4, 21, 0.00102986611740474, 
4, 27, 0.00566426364572606, 
