From*, To*, Rate, 
1, 2, 0.298550724637681, 
1, 13, 0.063768115942029, 
2, 13, 1, 
3, 2, 1, 
